{
  "protocol": "OLSR",
  "simulation_time_s": 70.0,
  "file_pattern": "results/raw/warm_OLSR_*.xml",
  "application_port_range": [
    9000,
    9004
  ],
  "per_run": [
    {
      "file": "warm_OLSR_1.xml",
      "application_flow_count": 3,
      "included_flow_ids": [
        1,
        2,
        3
      ],
      "tx_packets": 22927,
      "rx_packets": 16442,
      "lost_packets": 5368,
      "tx_bytes": 12380580,
      "rx_bytes": 8878680,
      "throughput_bps": 1014706.2857142857,
      "throughput_mbps": 1.0147062857142857,
      "pdr_percent": 71.71457233829109,
      "loss_percent": 28.2854276617089,
      "avg_delay_s": 0.026943652232088555,
      "avg_delay_ms": 26.943652232088557,
      "avg_jitter_s": 0.001200707334874103,
      "avg_jitter_ms": 1.2007073348741029
    }
  ],
  "summary": {
    "runs": 1,
    "avg_application_flow_count": 3,
    "avg_throughput_bps": 1014706.2857142857,
    "avg_throughput_mbps": 1.0147062857142857,
    "avg_pdr_percent": 71.71457233829109,
    "avg_loss_percent": 28.2854276617089,
    "avg_delay_s": 0.026943652232088555,
    "avg_delay_ms": 26.943652232088557,
    "avg_jitter_s": 0.001200707334874103,
    "avg_jitter_ms": 1.2007073348741029,
    "avg_tx_packets": 22927,
    "avg_rx_packets": 16442,
    "avg_lost_packets": 5368
  }
}